[{"job": "Психолог", "salary": 74918, "id": 1712191, "city": "Семана", "year": 2014, "age": 56}, {"job": "Инженер", "salary": 37237, "id": 5955824, "city": "Хихон", "year": 2004, "age": 51}, {"job": "Оператор call-центра", "salary": 111879, "id": 2125220, "city": "Тбилиси", "year": 2012, "age": 40}, {"job": "Психолог", "salary": 162660, "id": 5200761, "city": "Монсон", "year": 2020, "age": 63}, {"job": "Архитектор", "salary": 141863, "id": 6181289, "city": "Бургос", "year": 2008, "age": 25}, {"job": "Медсестра", "salary": 63074, "id": 1653876, "city": "Лас-Росас", "year": 2007, "age": 49}, {"job": "Врач", "salary": 147368, "id": 6742997, "city": "Будапешт", "year": 2002, "age": 54}, {"job": "Повар", "salary": 66721, "id": 8411991, "city": "Самора", "year": 2006, "age": 57}, {"job": "IT-специалист", "salary": 130464, "id": 9633723, "city": "Бланес", "year": 2020, "age": 21}, {"job": "Менеджер", "salary": 101511, "id": 8947377, "city": "Лас-Росас", "year": 2021, "age": 42}, {"job": "Бухгалтер", "salary": 51731, "id": 8601614, "city": "Хихон", "year": 2016, "age": 43}, {"job": "Архитектор", "salary": 189956, "id": 8509981, "city": "Сеговия", "year": 2019, "age": 64}, {"job": "Психолог", "salary": 122541, "id": 9497702, "city": "Тбилиси", "year": 2021, "age": 65}, {"job": "Строитель", "salary": 95967, "id": 9751556, "city": "Вроцлав", "year": 2014, "age": 43}, {"job": "Повар", "salary": 142208, "id": 2263302, "city": "Тирана", "year": 2009, "age": 45}, {"job": "Программист", "salary": 25115, "id": 7759910, "city": "Скопье", "year": 2006, "age": 62}, {"job": "Психолог", "salary": 92126, "id": 6015910, "city": "Санкт-Петербург", "year": 2002, "age": 27}, {"job": "Оператор call-центра", "salary": 21723, "id": 2567512, "city": "Астана", "year": 2000, "age": 43}, {"job": "Строитель", "salary": 199104, "id": 1183269, "city": "Вильнюс", "year": 2016, "age": 48}, {"job": "Менеджер", "salary": 116672, "id": 6880949, "city": "Хихон", "year": 2014, "age": 50}, {"job": "Бухгалтер", "salary": 164289, "id": 8679139, "city": "Аликанте", "year": 2007, "age": 27}, {"job": "Учитель", "salary": 72167, "id": 7856513, "city": "Осера", "year": 2004, "age": 29}, {"job": "Косметолог", "salary": 35802, "id": 9225180, "city": "Сан-Себастьян", "year": 2003, "age": 26}, {"job": "Менеджер", "salary": 80607, "id": 3495545, "city": "Любляна", "year": 2002, "age": 27}, {"job": "IT-специалист", "salary": 78780, "id": 9950921, "city": "Навалькарнеро", "year": 2001, "age": 58}, {"job": "IT-специалист", "salary": 168428, "id": 3871720, "city": "Ереван", "year": 2009, "age": 37}, {"job": "Менеджер", "salary": 95465, "id": 2565257, "city": "Варшава", "year": 2017, "age": 31}, {"job": "Учитель", "salary": 132117, "id": 6757911, "city": "Эльче", "year": 2015, "age": 63}, {"job": "Инженер", "salary": 83811, "id": 1501088, "city": "Сантьяго-де-Компостела", "year": 2015, "age": 54}, {"job": "Повар", "salary": 176486, "id": 4548236, "city": "Махадаонда", "year": 2021, "age": 20}, {"job": "Учитель", "salary": 182919, "id": 2563485, "city": "Таллин", "year": 2011, "age": 56}, {"job": "Оператор call-центра", "salary": 164867, "id": 3356540, "city": "Махадаонда", "year": 2018, "age": 29}, {"job": "Бухгалтер", "salary": 54358, "id": 3612469, "city": "Алькала-де-Энарес", "year": 2019, "age": 63}, {"job": "Водитель", "salary": 25510, "id": 1032058, "city": "Вильнюс", "year": 2016, "age": 37}, {"job": "Водитель", "salary": 36645, "id": 3520814, "city": "Гранада", "year": 2022, "age": 47}, {"job": "Архитектор", "salary": 160825, "id": 9178939, "city": "Авилес", "year": 2014, "age": 58}, {"job": "Оператор call-центра", "salary": 84579, "id": 7176948, "city": "Самора", "year": 2005, "age": 48}, {"job": "Оператор call-центра", "salary": 76759, "id": 2448177, "city": "Астана", "year": 2015, "age": 53}, {"job": "Программист", "salary": 130405, "id": 9940387, "city": "Подгорица", "year": 2002, "age": 45}, {"job": "Бухгалтер", "salary": 41186, "id": 6516355, "city": "Тбилиси", "year": 2013, "age": 34}, {"job": "Архитектор", "salary": 134396, "id": 7956960, "city": "Сантьяго-де-Компостела", "year": 2022, "age": 27}, {"job": "Оператор call-центра", "salary": 180425, "id": 6514918, "city": "Осера", "year": 2007, "age": 43}, {"job": "Продавец", "salary": 158309, "id": 1941534, "city": "Вроцлав", "year": 2005, "age": 40}, {"job": "Водитель", "salary": 160739, "id": 7093168, "city": "Загреб", "year": 2014, "age": 42}, {"job": "Строитель", "salary": 52076, "id": 5236833, "city": "Фигерас", "year": 2002, "age": 36}, {"job": "Бухгалтер", "salary": 121560, "id": 9521822, "city": "Виго", "year": 2020, "age": 48}, {"job": "Инженер", "salary": 103143, "id": 4216300, "city": "Санкт-Петербург", "year": 2021, "age": 51}, {"job": "Учитель", "salary": 66177, "id": 6170549, "city": "Баку", "year": 2010, "age": 30}, {"job": "Врач", "salary": 70542, "id": 7153063, "city": "Валенсия", "year": 2005, "age": 32}, {"job": "Архитектор", "salary": 192812, "id": 1574500, "city": "Пласенсия", "year": 2007, "age": 34}, {"job": "Продавец", "salary": 149465, "id": 4487509, "city": "Подгорица", "year": 2002, "age": 36}, {"job": "Архитектор", "salary": 20309, "id": 3583739, "city": "Луго", "year": 2005, "age": 41}, {"job": "Бухгалтер", "salary": 98520, "id": 7627440, "city": "София", "year": 2001, "age": 37}, {"job": "Врач", "salary": 74950, "id": 4392804, "city": "Алма-Ата", "year": 2009, "age": 56}, {"job": "Продавец", "salary": 171258, "id": 5973905, "city": "Эльче", "year": 2012, "age": 29}, {"job": "Учитель", "salary": 20342, "id": 7181347, "city": "Осера", "year": 2005, "age": 20}, {"job": "Продавец", "salary": 40132, "id": 1929311, "city": "Бильбао", "year": 1999, "age": 62}, {"job": "Водитель", "salary": 97013, "id": 1385912, "city": "Прага", "year": 2021, "age": 40}, {"job": "Продавец", "salary": 143931, "id": 3860923, "city": "Гранада", "year": 2015, "age": 35}, {"job": "Программист", "salary": 197926, "id": 8596253, "city": "Тирана", "year": 2010, "age": 43}, {"job": "Психолог", "salary": 133405, "id": 4219567, "city": "Аликанте", "year": 2007, "age": 44}, {"job": "Водитель", "salary": 90880, "id": 4384863, "city": "Малага", "year": 2004, "age": 50}, {"job": "Повар", "salary": 127025, "id": 3639592, "city": "Касерес", "year": 2012, "age": 47}, {"job": "IT-специалист", "salary": 83042, "id": 4844269, "city": "Бланес", "year": 2002, "age": 34}, {"job": "Оператор call-центра", "salary": 95615, "id": 8834782, "city": "Луарка", "year": 2018, "age": 27}, {"job": "Учитель", "salary": 93728, "id": 5455726, "city": "Варшава", "year": 2019, "age": 56}, {"job": "Инженер", "salary": 47843, "id": 6278339, "city": "Бургос", "year": 2009, "age": 65}, {"job": "Бухгалтер", "salary": 122870, "id": 2198890, "city": "Овьедо", "year": 2010, "age": 28}, {"job": "Психолог", "salary": 150495, "id": 8167987, "city": "Осера", "year": 2007, "age": 33}, {"job": "Архитектор", "salary": 53611, "id": 7228542, "city": "Мерида", "year": 2002, "age": 30}, {"job": "Водитель", "salary": 53028, "id": 5298772, "city": "Мурсия", "year": 2020, "age": 49}, {"job": "Косметолог", "salary": 65804, "id": 2684352, "city": "Вроцлав", "year": 2021, "age": 35}, {"job": "Психолог", "salary": 125321, "id": 9968283, "city": "Пласенсия", "year": 2007, "age": 58}, {"job": "Менеджер", "salary": 186441, "id": 7937699, "city": "Рига", "year": 2003, "age": 33}, {"job": "Водитель", "salary": 152796, "id": 5462907, "city": "Кордова", "year": 2019, "age": 54}, {"job": "Повар", "salary": 146729, "id": 9661764, "city": "Бильбао", "year": 2011, "age": 56}, {"job": "Врач", "salary": 100588, "id": 8521050, "city": "Осера", "year": 2008, "age": 27}, {"job": "Бухгалтер", "salary": 166343, "id": 7288620, "city": "Фигерас", "year": 2019, "age": 21}, {"job": "Бухгалтер", "salary": 142821, "id": 6843317, "city": "Мерида", "year": 2007, "age": 24}, {"job": "Инженер", "salary": 37949, "id": 7075992, "city": "Баку", "year": 2000, "age": 37}, {"job": "Врач", "salary": 195682, "id": 8536863, "city": "Овьедо", "year": 2000, "age": 25}, {"job": "Медсестра", "salary": 58257, "id": 4242356, "city": "Овьедо", "year": 2011, "age": 61}, {"job": "Архитектор", "salary": 96229, "id": 2123506, "city": "Бланес", "year": 2008, "age": 29}, {"job": "Учитель", "salary": 76757, "id": 9277369, "city": "Вальядолид", "year": 2012, "age": 62}, {"job": "Косметолог", "salary": 199674, "id": 4104400, "city": "Ла-Корунья", "year": 2003, "age": 37}, {"job": "Косметолог", "salary": 42274, "id": 5419286, "city": "Ла-Корунья", "year": 1999, "age": 25}, {"job": "Программист", "salary": 33196, "id": 9833792, "city": "Хихон", "year": 2011, "age": 38}, {"job": "Медсестра", "salary": 131692, "id": 7120722, "city": "Осера", "year": 2008, "age": 49}, {"job": "Врач", "salary": 106364, "id": 9665958, "city": "Сьюдад-Реаль", "year": 2021, "age": 50}, {"job": "Строитель", "salary": 118138, "id": 8381906, "city": "Вильявисиоса", "year": 2010, "age": 45}, {"job": "Архитектор", "salary": 97336, "id": 3578480, "city": "Мурсия", "year": 2016, "age": 24}, {"job": "Психолог", "salary": 138158, "id": 6507816, "city": "Самора", "year": 2014, "age": 47}, {"job": "Строитель", "salary": 161123, "id": 2790207, "city": "Авилес", "year": 2013, "age": 56}, {"job": "Психолог", "salary": 45286, "id": 8622748, "city": "Рига", "year": 2011, "age": 45}, {"job": "Строитель", "salary": 105104, "id": 7387567, "city": "Кадакес", "year": 2017, "age": 63}, {"job": "Оператор call-центра", "salary": 123877, "id": 4551892, "city": "Санкт-Петербург", "year": 2006, "age": 49}, {"job": "Оператор call-центра", "salary": 110002, "id": 7872975, "city": "Москва", "year": 2010, "age": 56}, {"job": "Медсестра", "salary": 176531, "id": 8619737, "city": "Лас-Росас", "year": 2016, "age": 32}, {"job": "Менеджер", "salary": 91732, "id": 5946349, "city": "Тбилиси", "year": 2006, "age": 35}, {"job": "Водитель", "salary": 127073, "id": 3725226, "city": "Санхенхо", "year": 2013, "age": 47}, {"job": "Бухгалтер", "salary": 115233, "id": 6294487, "city": "Кишинев", "year": 2012, "age": 21}, {"job": "Косметолог", "salary": 116172, "id": 1776245, "city": "Фигерас", "year": 2013, "age": 55}, {"job": "Косметолог", "salary": 63824, "id": 9607075, "city": "Мурсия", "year": 2016, "age": 34}, {"job": "Архитектор", "salary": 93162, "id": 5190822, "city": "Вильявисиоса", "year": 2001, "age": 62}, {"job": "Учитель", "salary": 176442, "id": 7866765, "city": "Бургос", "year": 2011, "age": 27}, {"job": "Инженер", "salary": 23828, "id": 1868448, "city": "Сьюдад-Реаль", "year": 2008, "age": 61}, {"job": "Учитель", "salary": 61071, "id": 8445388, "city": "Москва", "year": 2018, "age": 31}, {"job": "Медсестра", "salary": 111811, "id": 5202287, "city": "Семана", "year": 2013, "age": 63}, {"job": "Продавец", "salary": 108804, "id": 2616460, "city": "Самора", "year": 2007, "age": 40}, {"job": "Бухгалтер", "salary": 35770, "id": 3872701, "city": "Вильявисиоса", "year": 2010, "age": 43}, {"job": "Водитель", "salary": 87012, "id": 8502023, "city": "Сантьяго-де-Компостела", "year": 2001, "age": 55}, {"job": "Психолог", "salary": 41738, "id": 8541204, "city": "Куэнка", "year": 2013, "age": 25}, {"job": "Повар", "salary": 166891, "id": 3414641, "city": "Навалькарнеро", "year": 2011, "age": 57}, {"job": "Учитель", "salary": 29647, "id": 1146072, "city": "Подгорица", "year": 2008, "age": 56}, {"job": "Учитель", "salary": 133547, "id": 4872085, "city": "Куэнка", "year": 2001, "age": 56}, {"job": "Продавец", "salary": 179846, "id": 7255295, "city": "Сантьяго-де-Компостела", "year": 2018, "age": 36}, {"job": "Водитель", "salary": 74964, "id": 8335002, "city": "Сория", "year": 1999, "age": 53}, {"job": "Медсестра", "salary": 47280, "id": 4655810, "city": "Эльче", "year": 2020, "age": 59}, {"job": "Программист", "salary": 72617, "id": 5134915, "city": "Гранада", "year": 2010, "age": 24}, {"job": "Бухгалтер", "salary": 182939, "id": 2471497, "city": "Варшава", "year": 2017, "age": 41}, {"job": "Инженер", "salary": 66269, "id": 2261551, "city": "Артейхо", "year": 2005, "age": 25}, {"job": "Архитектор", "salary": 170521, "id": 4527164, "city": "Вильявисиоса", "year": 2014, "age": 45}, {"job": "Повар", "salary": 66317, "id": 3568901, "city": "Астана", "year": 2021, "age": 21}, {"job": "Менеджер", "salary": 68160, "id": 2009251, "city": "Хельсинки", "year": 2003, "age": 38}, {"job": "Бухгалтер", "salary": 46141, "id": 5446860, "city": "Минск", "year": 2013, "age": 22}, {"job": "Инженер", "salary": 114410, "id": 2308087, "city": "Хельсинки", "year": 2007, "age": 28}, {"job": "Продавец", "salary": 21028, "id": 3831817, "city": "Ереван", "year": 2020, "age": 53}, {"job": "Строитель", "salary": 72964, "id": 6517163, "city": "Бишкек", "year": 2018, "age": 23}, {"job": "Продавец", "salary": 27696, "id": 8700729, "city": "Санхенхо", "year": 2001, "age": 38}, {"job": "Психолог", "salary": 173127, "id": 8157008, "city": "Тирана", "year": 2012, "age": 19}, {"job": "Строитель", "salary": 165385, "id": 4440664, "city": "Подгорица", "year": 2016, "age": 64}, {"job": "Строитель", "salary": 101066, "id": 3142706, "city": "Бургос", "year": 2010, "age": 44}, {"job": "Медсестра", "salary": 94550, "id": 8356064, "city": "Москва", "year": 2013, "age": 43}, {"job": "Бухгалтер", "salary": 188796, "id": 7926509, "city": "Авилес", "year": 2020, "age": 56}, {"job": "Инженер", "salary": 198432, "id": 9977094, "city": "Фигерас", "year": 1999, "age": 58}, {"job": "Строитель", "salary": 88273, "id": 8843102, "city": "Минск", "year": 2013, "age": 21}, {"job": "Строитель", "salary": 170802, "id": 6050981, "city": "Вроцлав", "year": 2000, "age": 31}, {"job": "Менеджер", "salary": 148087, "id": 4104800, "city": "Ереван", "year": 2005, "age": 57}, {"job": "Бухгалтер", "salary": 170503, "id": 5129063, "city": "Мерида", "year": 2005, "age": 45}, {"job": "Оператор call-центра", "salary": 69984, "id": 3571841, "city": "Тбилиси", "year": 2004, "age": 25}, {"job": "Психолог", "salary": 89619, "id": 1470780, "city": "Бишкек", "year": 2011, "age": 50}, {"job": "Оператор call-центра", "salary": 157950, "id": 8729836, "city": "Самора", "year": 2022, "age": 61}, {"job": "Менеджер", "salary": 134308, "id": 6527111, "city": "Фигерас", "year": 2006, "age": 40}, {"job": "Программист", "salary": 60905, "id": 5860359, "city": "Ереван", "year": 1999, "age": 38}, {"job": "Водитель", "salary": 34790, "id": 8198398, "city": "Баку", "year": 2016, "age": 50}, {"job": "Инженер", "salary": 77521, "id": 8421763, "city": "Семана", "year": 2012, "age": 45}, {"job": "Учитель", "salary": 148829, "id": 4544780, "city": "Алькала-де-Энарес", "year": 2013, "age": 20}, {"job": "Психолог", "salary": 118997, "id": 8460284, "city": "Ереван", "year": 2000, "age": 21}, {"job": "Водитель", "salary": 168445, "id": 7529194, "city": "Осера", "year": 2018, "age": 47}, {"job": "Инженер", "salary": 168517, "id": 5547136, "city": "Скопье", "year": 2007, "age": 28}, {"job": "Бухгалтер", "salary": 137923, "id": 7467000, "city": "Мурсия", "year": 2011, "age": 53}, {"job": "Продавец", "salary": 177643, "id": 8566087, "city": "Махадаонда", "year": 2001, "age": 55}, {"job": "Медсестра", "salary": 25249, "id": 9399188, "city": "Вальядолид", "year": 2007, "age": 52}, {"job": "Психолог", "salary": 133900, "id": 2358727, "city": "Москва", "year": 2010, "age": 53}, {"job": "Врач", "salary": 69182, "id": 8012686, "city": "Осера", "year": 2001, "age": 20}, {"job": "IT-специалист", "salary": 22441, "id": 6449419, "city": "Эль-Пуэрто-де-Санта-Мария", "year": 2013, "age": 63}, {"job": "Строитель", "salary": 31150, "id": 1818055, "city": "Сория", "year": 2017, "age": 43}, {"job": "Косметолог", "salary": 188798, "id": 1994110, "city": "Вильявисиоса", "year": 2010, "age": 38}, {"job": "Учитель", "salary": 20491, "id": 2151914, "city": "Бильбао", "year": 2011, "age": 60}, {"job": "IT-специалист", "salary": 77446, "id": 2613296, "city": "Аликанте", "year": 2020, "age": 49}, {"job": "Медсестра", "salary": 84849, "id": 7587621, "city": "Сан-Себастьян", "year": 2008, "age": 49}, {"job": "Программист", "salary": 145196, "id": 1570346, "city": "Луарка", "year": 2021, "age": 54}, {"job": "Бухгалтер", "salary": 163676, "id": 3266797, "city": "Бланес", "year": 2008, "age": 59}, {"job": "Менеджер", "salary": 164623, "id": 1773194, "city": "Кадакес", "year": 2004, "age": 64}, {"job": "Менеджер", "salary": 56321, "id": 5153048, "city": "Подгорица", "year": 2020, "age": 50}, {"job": "Учитель", "salary": 176597, "id": 5927573, "city": "Эльче", "year": 2018, "age": 49}, {"job": "Учитель", "salary": 45392, "id": 4990304, "city": "Баку", "year": 2011, "age": 57}, {"job": "IT-специалист", "salary": 185443, "id": 7919013, "city": "Трухильо", "year": 2007, "age": 22}, {"job": "Архитектор", "salary": 135042, "id": 4836527, "city": "Овьедо", "year": 2008, "age": 53}, {"job": "Медсестра", "salary": 50222, "id": 4019542, "city": "Сантьяго-де-Компостела", "year": 2018, "age": 61}, {"job": "Врач", "salary": 94266, "id": 7097184, "city": "София", "year": 2009, "age": 61}, {"job": "Повар", "salary": 48378, "id": 6509858, "city": "Ереван", "year": 2014, "age": 28}, {"job": "IT-специалист", "salary": 114313, "id": 4484594, "city": "Хихон", "year": 2000, "age": 35}, {"job": "Оператор call-центра", "salary": 22962, "id": 1903411, "city": "Куэнка", "year": 2002, "age": 57}, {"job": "Бухгалтер", "salary": 58145, "id": 7404253, "city": "Кадакес", "year": 2015, "age": 33}, {"job": "Медсестра", "salary": 167596, "id": 8024723, "city": "Аликанте", "year": 2016, "age": 53}, {"job": "Учитель", "salary": 186114, "id": 6329824, "city": "София", "year": 2020, "age": 54}, {"job": "Повар", "salary": 57734, "id": 2302775, "city": "Сан-Себастьян", "year": 2018, "age": 63}, {"job": "Менеджер", "salary": 180939, "id": 1758179, "city": "Вильнюс", "year": 2007, "age": 56}, {"job": "Архитектор", "salary": 104915, "id": 7741557, "city": "Ташкент", "year": 2000, "age": 57}, {"job": "Менеджер", "salary": 80326, "id": 5121416, "city": "Артейхо", "year": 2004, "age": 44}, {"job": "Повар", "salary": 48809, "id": 6973274, "city": "Артейхо", "year": 2013, "age": 34}, {"job": "Программист", "salary": 181911, "id": 9721146, "city": "Рига", "year": 2000, "age": 41}, {"job": "Врач", "salary": 20030, "id": 4811904, "city": "Фигерас", "year": 2017, "age": 59}, {"job": "Учитель", "salary": 173700, "id": 3726514, "city": "Варшава", "year": 2010, "age": 21}, {"job": "Повар", "salary": 174046, "id": 9429699, "city": "Фигерас", "year": 2013, "age": 43}, {"job": "Врач", "salary": 106516, "id": 9788999, "city": "Сантьяго-де-Компостела", "year": 2017, "age": 55}, {"job": "Продавец", "salary": 167563, "id": 9150290, "city": "Ташкент", "year": 2020, "age": 56}, {"job": "Учитель", "salary": 176163, "id": 6400980, "city": "Трухильо", "year": 2000, "age": 44}, {"job": "Оператор call-центра", "salary": 59789, "id": 7341223, "city": "Сантьяго-де-Компостела", "year": 1999, "age": 39}, {"job": "Медсестра", "salary": 27646, "id": 6986032, "city": "Овьедо", "year": 2021, "age": 52}, {"job": "Архитектор", "salary": 82429, "id": 2850736, "city": "Кишинев", "year": 2004, "age": 57}, {"job": "IT-специалист", "salary": 149708, "id": 4041911, "city": "София", "year": 2011, "age": 55}, {"job": "IT-специалист", "salary": 136008, "id": 5439365, "city": "Белград", "year": 2002, "age": 49}, {"job": "Менеджер", "salary": 191265, "id": 1674342, "city": "Хихон", "year": 2016, "age": 35}, {"job": "Продавец", "salary": 106104, "id": 9366290, "city": "Ереван", "year": 2019, "age": 57}, {"job": "Архитектор", "salary": 142018, "id": 2601371, "city": "Алькала-де-Энарес", "year": 2017, "age": 54}, {"job": "Учитель", "salary": 84953, "id": 3559438, "city": "Мурсия", "year": 2000, "age": 48}, {"job": "Косметолог", "salary": 60803, "id": 3789635, "city": "Пласенсия", "year": 2020, "age": 22}, {"job": "Водитель", "salary": 85919, "id": 6409532, "city": "Картахена", "year": 2013, "age": 60}, {"job": "Бухгалтер", "salary": 36792, "id": 1110332, "city": "Мартоса", "year": 2013, "age": 42}, {"job": "Врач", "salary": 27730, "id": 5979421, "city": "Санкт-Петербург", "year": 2001, "age": 55}, {"job": "Архитектор", "salary": 77417, "id": 1548832, "city": "Прага", "year": 2017, "age": 46}, {"job": "Повар", "salary": 124151, "id": 6588945, "city": "Сория", "year": 2013, "age": 51}, {"job": "Оператор call-центра", "salary": 42891, "id": 6511012, "city": "Артейхо", "year": 2014, "age": 62}, {"job": "Архитектор", "salary": 42206, "id": 8617262, "city": "Сеговия", "year": 2011, "age": 19}, {"job": "Врач", "salary": 78426, "id": 6906154, "city": "Любляна", "year": 2004, "age": 29}, {"job": "Косметолог", "salary": 67035, "id": 5751592, "city": "Вроцлав", "year": 2020, "age": 21}, {"job": "Медсестра", "salary": 43313, "id": 3259276, "city": "Тарраса", "year": 2020, "age": 19}, {"job": "Врач", "salary": 105430, "id": 2738397, "city": "Бильбао", "year": 2015, "age": 42}, {"job": "Бухгалтер", "salary": 198693, "id": 7913189, "city": "Скопье", "year": 2021, "age": 60}, {"job": "Косметолог", "salary": 128760, "id": 7414726, "city": "Вильявисиоса", "year": 2019, "age": 46}, {"job": "Медсестра", "salary": 81816, "id": 5649321, "city": "София", "year": 2020, "age": 28}, {"job": "Инженер", "salary": 138345, "id": 8736888, "city": "Мерида", "year": 2012, "age": 41}, {"job": "Продавец", "salary": 165820, "id": 9205115, "city": "Льейда", "year": 2011, "age": 37}, {"job": "Программист", "salary": 101768, "id": 2625744, "city": "Осера", "year": 2008, "age": 56}, {"job": "Инженер", "salary": 158039, "id": 9444194, "city": "Рига", "year": 2015, "age": 22}, {"job": "Бухгалтер", "salary": 145357, "id": 7510214, "city": "Тбилиси", "year": 2022, "age": 62}, {"job": "IT-специалист", "salary": 88738, "id": 6796431, "city": "Будапешт", "year": 2008, "age": 55}, {"job": "Врач", "salary": 21117, "id": 4290279, "city": "Мерида", "year": 2014, "age": 54}, {"job": "Психолог", "salary": 71536, "id": 8121356, "city": "Минск", "year": 2000, "age": 28}, {"job": "Медсестра", "salary": 107111, "id": 9021570, "city": "Гранада", "year": 2010, "age": 50}, {"job": "Учитель", "salary": 190693, "id": 7288357, "city": "Гранада", "year": 2002, "age": 57}, {"job": "Оператор call-центра", "salary": 199963, "id": 8261046, "city": "София", "year": 2009, "age": 41}, {"job": "Программист", "salary": 71721, "id": 3475988, "city": "Сараево", "year": 1999, "age": 52}, {"job": "Продавец", "salary": 163966, "id": 4709302, "city": "Загреб", "year": 2011, "age": 64}, {"job": "Косметолог", "salary": 166480, "id": 9036199, "city": "Камбадос", "year": 2017, "age": 26}, {"job": "Врач", "salary": 60001, "id": 6075980, "city": "Баку", "year": 2007, "age": 28}, {"job": "Косметолог", "salary": 161128, "id": 1310540, "city": "Баку", "year": 2021, "age": 36}, {"job": "Бухгалтер", "salary": 158221, "id": 1121550, "city": "Астана", "year": 1999, "age": 62}, {"job": "Инженер", "salary": 163689, "id": 3752324, "city": "Кишинев", "year": 2005, "age": 57}, {"job": "Менеджер", "salary": 22541, "id": 5855246, "city": "Алма-Ата", "year": 2019, "age": 25}, {"job": "Менеджер", "salary": 114531, "id": 7224652, "city": "Таллин", "year": 2006, "age": 45}, {"job": "Инженер", "salary": 168500, "id": 9028739, "city": "Любляна", "year": 2006, "age": 46}, {"job": "Архитектор", "salary": 166660, "id": 8303563, "city": "Льейда", "year": 1999, "age": 33}, {"job": "Повар", "salary": 36927, "id": 5454226, "city": "Малага", "year": 2007, "age": 46}, {"job": "Программист", "salary": 59784, "id": 2217452, "city": "Сория", "year": 2015, "age": 40}, {"job": "Программист", "salary": 196723, "id": 8169245, "city": "Бильбао", "year": 2004, "age": 28}, {"job": "Строитель", "salary": 75440, "id": 3845638, "city": "Варшава", "year": 2009, "age": 58}, {"job": "Врач", "salary": 38076, "id": 5984538, "city": "Сан-Себастьян", "year": 2004, "age": 50}, {"job": "Водитель", "salary": 46680, "id": 4279140, "city": "Сараево", "year": 2000, "age": 58}, {"job": "Оператор call-центра", "salary": 84026, "id": 4337078, "city": "Вильявисиоса", "year": 2011, "age": 29}, {"job": "Повар", "salary": 67365, "id": 1212768, "city": "Эль-Пуэрто-де-Санта-Мария", "year": 2002, "age": 65}, {"job": "Менеджер", "salary": 193421, "id": 7123777, "city": "Куэнка", "year": 2017, "age": 48}, {"job": "Строитель", "salary": 80358, "id": 4224535, "city": "Вроцлав", "year": 2017, "age": 32}, {"job": "Архитектор", "salary": 101176, "id": 9116277, "city": "Любляна", "year": 2016, "age": 47}, {"job": "Оператор call-центра", "salary": 164814, "id": 3701631, "city": "Бургос", "year": 2008, "age": 51}, {"job": "Врач", "salary": 122028, "id": 1407938, "city": "Барселона", "year": 2014, "age": 53}, {"job": "Учитель", "salary": 179641, "id": 4620607, "city": "Алькала-де-Энарес", "year": 2006, "age": 59}, {"job": "Врач", "salary": 192979, "id": 7044440, "city": "Будапешт", "year": 2005, "age": 50}, {"job": "Программист", "salary": 113287, "id": 8952932, "city": "Кадакес", "year": 2007, "age": 52}, {"job": "Менеджер", "salary": 53709, "id": 5985939, "city": "Хихон", "year": 2022, "age": 43}, {"job": "Оператор call-центра", "salary": 96368, "id": 5020346, "city": "Баку", "year": 2004, "age": 27}, {"job": "Бухгалтер", "salary": 97246, "id": 5934362, "city": "Навалькарнеро", "year": 2003, "age": 44}, {"job": "Строитель", "salary": 67294, "id": 3608888, "city": "Валенсия", "year": 2004, "age": 28}, {"job": "Программист", "salary": 32437, "id": 6834856, "city": "Бургос", "year": 2010, "age": 28}, {"job": "Менеджер", "salary": 52619, "id": 1172559, "city": "Санкт-Петербург", "year": 2003, "age": 49}, {"job": "Архитектор", "salary": 97657, "id": 3017091, "city": "Самора", "year": 2014, "age": 51}, {"job": "Медсестра", "salary": 77070, "id": 3403900, "city": "Вильнюс", "year": 2022, "age": 62}, {"job": "Учитель", "salary": 135275, "id": 4241179, "city": "Касерес", "year": 2014, "age": 28}, {"job": "IT-специалист", "salary": 173850, "id": 7713049, "city": "Льейда", "year": 2009, "age": 42}, {"job": "Психолог", "salary": 194946, "id": 1534551, "city": "Душанбе", "year": 2022, "age": 28}, {"job": "Бухгалтер", "salary": 58227, "id": 6423052, "city": "Будапешт", "year": 2009, "age": 41}, {"job": "Программист", "salary": 180991, "id": 4383158, "city": "Касерес", "year": 2019, "age": 40}, {"job": "Косметолог", "salary": 153812, "id": 5926374, "city": "Луго", "year": 2015, "age": 36}, {"job": "Медсестра", "salary": 104647, "id": 6937320, "city": "Прага", "year": 2003, "age": 37}, {"job": "Водитель", "salary": 99033, "id": 1610076, "city": "Кишинев", "year": 2005, "age": 50}, {"job": "Архитектор", "salary": 53712, "id": 3742409, "city": "Кадакес", "year": 2000, "age": 35}, {"job": "Инженер", "salary": 56962, "id": 5228519, "city": "Самора", "year": 2009, "age": 49}, {"job": "Менеджер", "salary": 24004, "id": 6383520, "city": "Эльче", "year": 2015, "age": 62}, {"job": "Бухгалтер", "salary": 27376, "id": 3433063, "city": "Осера", "year": 2017, "age": 30}, {"job": "Архитектор", "salary": 185604, "id": 9849584, "city": "Будапешт", "year": 2003, "age": 25}, {"job": "Косметолог", "salary": 28328, "id": 5652795, "city": "Малага", "year": 2019, "age": 45}, {"job": "Водитель", "salary": 74951, "id": 2976330, "city": "Бишкек", "year": 2022, "age": 48}, {"job": "Повар", "salary": 186051, "id": 5762371, "city": "Москва", "year": 2002, "age": 65}, {"job": "Водитель", "salary": 143535, "id": 4529653, "city": "Льейда", "year": 2008, "age": 48}, {"job": "Косметолог", "salary": 76200, "id": 5127570, "city": "Вальядолид", "year": 2015, "age": 46}, {"job": "Косметолог", "salary": 45233, "id": 3054141, "city": "Кадакес", "year": 2006, "age": 31}, {"job": "Психолог", "salary": 86219, "id": 9708900, "city": "Эльче", "year": 2000, "age": 46}, {"job": "Медсестра", "salary": 196276, "id": 4071815, "city": "Бишкек", "year": 2017, "age": 40}, {"job": "Косметолог", "salary": 115011, "id": 7521032, "city": "Бургос", "year": 2001, "age": 44}, {"job": "Архитектор", "salary": 151563, "id": 3503811, "city": "Белград", "year": 2010, "age": 20}, {"job": "Менеджер", "salary": 70052, "id": 6984802, "city": "Кадакес", "year": 2006, "age": 37}, {"job": "Учитель", "salary": 100823, "id": 4736829, "city": "Тирана", "year": 2014, "age": 38}, {"job": "Учитель", "salary": 193355, "id": 2858858, "city": "Семана", "year": 2003, "age": 21}, {"job": "Менеджер", "salary": 56413, "id": 3228134, "city": "Куэнка", "year": 2014, "age": 62}, {"job": "Оператор call-центра", "salary": 59230, "id": 7706663, "city": "Севилья", "year": 2000, "age": 52}, {"job": "Медсестра", "salary": 171204, "id": 8452288, "city": "Ереван", "year": 2003, "age": 51}, {"job": "IT-специалист", "salary": 144431, "id": 7835302, "city": "Мартоса", "year": 2019, "age": 49}, {"job": "Строитель", "salary": 116329, "id": 7193606, "city": "София", "year": 2012, "age": 62}, {"job": "Программист", "salary": 29453, "id": 8291577, "city": "Вальядолид", "year": 2001, "age": 45}, {"job": "Медсестра", "salary": 142584, "id": 7803201, "city": "Загреб", "year": 2012, "age": 24}, {"job": "Менеджер", "salary": 88037, "id": 6038616, "city": "Семана", "year": 2005, "age": 24}, {"job": "Продавец", "salary": 185842, "id": 9124499, "city": "Санкт-Петербург", "year": 2015, "age": 21}, {"job": "Продавец", "salary": 39269, "id": 6659634, "city": "Гранада", "year": 1999, "age": 21}, {"job": "Психолог", "salary": 171070, "id": 4466997, "city": "Рига", "year": 2018, "age": 47}, {"job": "Повар", "salary": 113640, "id": 1967229, "city": "Сантьяго-де-Компостела", "year": 2017, "age": 59}, {"job": "Архитектор", "salary": 125399, "id": 1185433, "city": "Москва", "year": 2000, "age": 39}, {"job": "Менеджер", "salary": 133991, "id": 9472806, "city": "Хихон", "year": 2022, "age": 59}, {"job": "Повар", "salary": 121822, "id": 9627445, "city": "Вальядолид", "year": 2010, "age": 57}, {"job": "Менеджер", "salary": 21173, "id": 4413254, "city": "Хихон", "year": 2001, "age": 52}, {"job": "Строитель", "salary": 184647, "id": 1553520, "city": "Тарраса", "year": 2022, "age": 48}, {"job": "IT-специалист", "salary": 78481, "id": 1259592, "city": "Мурсия", "year": 2021, "age": 37}, {"job": "IT-специалист", "salary": 74478, "id": 8444222, "city": "Вальядолид", "year": 2006, "age": 63}, {"job": "Оператор call-центра", "salary": 102017, "id": 4850533, "city": "Вроцлав", "year": 2019, "age": 19}, {"job": "Врач", "salary": 50479, "id": 7480067, "city": "Хихон", "year": 2001, "age": 62}, {"job": "Медсестра", "salary": 138560, "id": 2418926, "city": "Сантьяго-де-Компостела", "year": 2002, "age": 62}, {"job": "Менеджер", "salary": 60190, "id": 5847061, "city": "Мерида", "year": 2012, "age": 29}, {"job": "Архитектор", "salary": 119965, "id": 4842813, "city": "Барселона", "year": 2018, "age": 45}, {"job": "Оператор call-центра", "salary": 62716, "id": 4485796, "city": "Мадрид", "year": 2014, "age": 59}, {"job": "Водитель", "salary": 96869, "id": 3237812, "city": "Сан-Себастьян", "year": 2013, "age": 41}, {"job": "Инженер", "salary": 106835, "id": 1589046, "city": "Афины", "year": 2022, "age": 56}, {"job": "Учитель", "salary": 197318, "id": 3726899, "city": "Авилес", "year": 2011, "age": 30}, {"job": "IT-специалист", "salary": 126146, "id": 6403192, "city": "Льейда", "year": 2003, "age": 42}, {"job": "Водитель", "salary": 126610, "id": 9826288, "city": "Вроцлав", "year": 2005, "age": 20}, {"job": "Продавец", "salary": 166405, "id": 2961199, "city": "Санкт-Петербург", "year": 2021, "age": 35}, {"job": "IT-специалист", "salary": 41980, "id": 5510122, "city": "Таллин", "year": 2012, "age": 28}, {"job": "IT-специалист", "salary": 157567, "id": 5413422, "city": "Скопье", "year": 2022, "age": 51}, {"job": "Косметолог", "salary": 37260, "id": 3990180, "city": "Таллин", "year": 2021, "age": 31}, {"job": "Врач", "salary": 188802, "id": 7652501, "city": "Сан-Себастьян", "year": 2010, "age": 50}, {"job": "Врач", "salary": 100273, "id": 3625439, "city": "Валенсия", "year": 2002, "age": 23}, {"job": "Учитель", "salary": 116121, "id": 4498397, "city": "Эль-Пуэрто-де-Санта-Мария", "year": 2019, "age": 26}, {"job": "Инженер", "salary": 31831, "id": 8433997, "city": "Вильнюс", "year": 2012, "age": 65}, {"job": "Медсестра", "salary": 33824, "id": 4075111, "city": "Луго", "year": 2022, "age": 59}, {"job": "Архитектор", "salary": 38847, "id": 1180791, "city": "Бургос", "year": 2005, "age": 33}, {"job": "Продавец", "salary": 79506, "id": 6445685, "city": "Навалькарнеро", "year": 2002, "age": 20}, {"job": "Оператор call-центра", "salary": 70881, "id": 7329462, "city": "Вальядолид", "year": 2004, "age": 54}, {"job": "Продавец", "salary": 91164, "id": 2828005, "city": "Мадрид", "year": 2016, "age": 33}, {"job": "Врач", "salary": 103549, "id": 3025496, "city": "София", "year": 2022, "age": 64}, {"job": "Бухгалтер", "salary": 147878, "id": 4409371, "city": "Тарраса", "year": 2003, "age": 22}, {"job": "Инженер", "salary": 32284, "id": 9848264, "city": "Гранада", "year": 1999, "age": 53}, {"job": "Инженер", "salary": 178808, "id": 7628677, "city": "Мерида", "year": 2002, "age": 37}, {"job": "Строитель", "salary": 24529, "id": 5365652, "city": "Эльче", "year": 2007, "age": 53}, {"job": "Менеджер", "salary": 143180, "id": 6389565, "city": "Малага", "year": 2018, "age": 49}, {"job": "Менеджер", "salary": 114092, "id": 4096244, "city": "Валенсия", "year": 2022, "age": 42}, {"job": "Менеджер", "salary": 177039, "id": 3684321, "city": "Загреб", "year": 2004, "age": 45}, {"job": "Косметолог", "salary": 123405, "id": 6567399, "city": "Тарраса", "year": 2020, "age": 28}, {"job": "Медсестра", "salary": 92242, "id": 1781799, "city": "Тбилиси", "year": 2001, "age": 34}, {"job": "Водитель", "salary": 191811, "id": 4469806, "city": "Санхенхо", "year": 2007, "age": 40}, {"job": "Водитель", "salary": 101481, "id": 1900514, "city": "Монсон", "year": 2019, "age": 20}, {"job": "Инженер", "salary": 102269, "id": 1982500, "city": "Артейхо", "year": 2007, "age": 50}, {"job": "Повар", "salary": 65217, "id": 7082739, "city": "Хихон", "year": 2004, "age": 43}, {"job": "Учитель", "salary": 78039, "id": 4083660, "city": "Сория", "year": 2022, "age": 36}, {"job": "Бухгалтер", "salary": 118364, "id": 5462210, "city": "Мурсия", "year": 2015, "age": 35}, {"job": "Продавец", "salary": 165222, "id": 1558329, "city": "Сеговия", "year": 2008, "age": 37}, {"job": "Бухгалтер", "salary": 57406, "id": 1193983, "city": "Махадаонда", "year": 2021, "age": 59}, {"job": "Врач", "salary": 84703, "id": 6759806, "city": "Хихон", "year": 2018, "age": 65}, {"job": "Врач", "salary": 126388, "id": 8152907, "city": "Хихон", "year": 2009, "age": 25}, {"job": "Менеджер", "salary": 162875, "id": 9116930, "city": "Куэнка", "year": 2017, "age": 19}, {"job": "Учитель", "salary": 48786, "id": 4389229, "city": "Сараево", "year": 2005, "age": 20}, {"job": "Бухгалтер", "salary": 166915, "id": 4026748, "city": "Рига", "year": 2013, "age": 39}, {"job": "Программист", "salary": 149325, "id": 2914052, "city": "Авилес", "year": 2015, "age": 33}, {"job": "Бухгалтер", "salary": 86514, "id": 1639105, "city": "Мартоса", "year": 2021, "age": 28}, {"job": "Архитектор", "salary": 160911, "id": 5269401, "city": "Астана", "year": 2008, "age": 31}, {"job": "Архитектор", "salary": 74503, "id": 3825139, "city": "Тарраса", "year": 2013, "age": 62}, {"job": "Водитель", "salary": 70619, "id": 3793555, "city": "Прага", "year": 2006, "age": 31}, {"job": "Строитель", "salary": 170782, "id": 8033397, "city": "Вильявисиоса", "year": 2010, "age": 31}, {"job": "Архитектор", "salary": 131527, "id": 5766447, "city": "Афины", "year": 2016, "age": 61}, {"job": "Учитель", "salary": 32613, "id": 5559787, "city": "Тарраса", "year": 2010, "age": 60}, {"job": "Врач", "salary": 109654, "id": 2428562, "city": "Алма-Ата", "year": 2001, "age": 55}, {"job": "Учитель", "salary": 183741, "id": 8218186, "city": "Мартоса", "year": 2004, "age": 54}, {"job": "Повар", "salary": 76518, "id": 3053584, "city": "Подгорица", "year": 1999, "age": 48}, {"job": "Оператор call-центра", "salary": 199616, "id": 3137203, "city": "Минск", "year": 2003, "age": 50}, {"job": "Психолог", "salary": 186106, "id": 5374091, "city": "Краков", "year": 2010, "age": 41}, {"job": "Продавец", "salary": 69817, "id": 1032103, "city": "Бургос", "year": 2013, "age": 45}, {"job": "Продавец", "salary": 180135, "id": 6463450, "city": "Хихон", "year": 2014, "age": 35}, {"job": "Оператор call-центра", "salary": 133920, "id": 3124856, "city": "Валенсия", "year": 2006, "age": 20}, {"job": "Учитель", "salary": 35098, "id": 8474761, "city": "Сория", "year": 1999, "age": 31}, {"job": "Бухгалтер", "salary": 53791, "id": 6838024, "city": "Мерида", "year": 2000, "age": 19}, {"job": "Косметолог", "salary": 170936, "id": 3467788, "city": "Афины", "year": 2021, "age": 42}, {"job": "Программист", "salary": 93048, "id": 1323022, "city": "Афины", "year": 2015, "age": 35}, {"job": "Строитель", "salary": 62183, "id": 8320580, "city": "Сория", "year": 2019, "age": 25}, {"job": "Учитель", "salary": 162259, "id": 2706071, "city": "Афины", "year": 2012, "age": 26}, {"job": "Бухгалтер", "salary": 194357, "id": 7423447, "city": "Белград", "year": 2008, "age": 51}, {"job": "Продавец", "salary": 110349, "id": 1233881, "city": "Мадрид", "year": 2004, "age": 27}, {"job": "Психолог", "salary": 194795, "id": 1736055, "city": "Мурсия", "year": 2015, "age": 41}, {"job": "Оператор call-центра", "salary": 149377, "id": 7644364, "city": "Таллин", "year": 2021, "age": 30}, {"job": "Менеджер", "salary": 197650, "id": 7509880, "city": "Бильбао", "year": 2017, "age": 53}, {"job": "Программист", "salary": 144713, "id": 5943906, "city": "Рига", "year": 2015, "age": 63}, {"job": "Психолог", "salary": 30579, "id": 4254756, "city": "Аликанте", "year": 2018, "age": 39}, {"job": "Оператор call-центра", "salary": 41909, "id": 8835436, "city": "Мартоса", "year": 2009, "age": 40}, {"job": "Врач", "salary": 42993, "id": 8413267, "city": "Будапешт", "year": 2000, "age": 54}, {"job": "Продавец", "salary": 31008, "id": 2389167, "city": "Скопье", "year": 2001, "age": 42}, {"job": "IT-специалист", "salary": 30844, "id": 4625477, "city": "Мадрид", "year": 2013, "age": 41}, {"job": "Косметолог", "salary": 47226, "id": 1291364, "city": "Душанбе", "year": 2004, "age": 60}, {"job": "Косметолог", "salary": 192376, "id": 4430771, "city": "Бланес", "year": 2021, "age": 39}, {"job": "Бухгалтер", "salary": 77771, "id": 1464476, "city": "Бланес", "year": 2004, "age": 65}, {"job": "Медсестра", "salary": 122001, "id": 8798135, "city": "Рига", "year": 2007, "age": 44}, {"job": "Менеджер", "salary": 194738, "id": 1035282, "city": "Льейда", "year": 2011, "age": 43}, {"job": "IT-специалист", "salary": 71397, "id": 3489827, "city": "Фигерас", "year": 2022, "age": 28}, {"job": "Архитектор", "salary": 26042, "id": 8972036, "city": "Душанбе", "year": 2006, "age": 62}, {"job": "Медсестра", "salary": 170554, "id": 8529859, "city": "Бланес", "year": 2014, "age": 36}, {"job": "Повар", "salary": 23130, "id": 2517419, "city": "Трухильо", "year": 2017, "age": 38}, {"job": "Менеджер", "salary": 39727, "id": 7880407, "city": "Тбилиси", "year": 2013, "age": 55}, {"job": "Водитель", "salary": 27728, "id": 8289925, "city": "Авилес", "year": 2006, "age": 48}, {"job": "Косметолог", "salary": 115905, "id": 1369466, "city": "Трухильо", "year": 2013, "age": 34}, {"job": "Строитель", "salary": 168014, "id": 9501564, "city": "Фигерас", "year": 2010, "age": 31}, {"job": "Врач", "salary": 123822, "id": 8412223, "city": "Любляна", "year": 1999, "age": 50}, {"job": "Водитель", "salary": 68609, "id": 5875703, "city": "Бланес", "year": 2012, "age": 38}, {"job": "Оператор call-центра", "salary": 115369, "id": 2053121, "city": "Монсон", "year": 2015, "age": 58}, {"job": "Повар", "salary": 113341, "id": 3723397, "city": "Тудела", "year": 2011, "age": 39}, {"job": "Врач", "salary": 120816, "id": 6268593, "city": "Прага", "year": 2014, "age": 32}, {"job": "Программист", "salary": 26412, "id": 3371350, "city": "Таллин", "year": 2005, "age": 38}, {"job": "Бухгалтер", "salary": 111351, "id": 9897816, "city": "Трухильо", "year": 2022, "age": 38}, {"job": "Продавец", "salary": 194249, "id": 6734393, "city": "Ереван", "year": 2020, "age": 33}, {"job": "IT-специалист", "salary": 173091, "id": 4359304, "city": "Мадрид", "year": 2022, "age": 50}, {"job": "Строитель", "salary": 38371, "id": 3473115, "city": "Белград", "year": 2000, "age": 62}, {"job": "Учитель", "salary": 188632, "id": 1561062, "city": "Мурсия", "year": 2008, "age": 28}, {"job": "Строитель", "salary": 163868, "id": 9708036, "city": "Сеговия", "year": 2015, "age": 49}, {"job": "Строитель", "salary": 66974, "id": 3686818, "city": "Бильбао", "year": 2013, "age": 21}, {"job": "Инженер", "salary": 60539, "id": 1475938, "city": "Трухильо", "year": 2016, "age": 20}, {"job": "Бухгалтер", "salary": 162690, "id": 7511143, "city": "Подгорица", "year": 2008, "age": 19}, {"job": "Косметолог", "salary": 105705, "id": 4622097, "city": "Таллин", "year": 2016, "age": 33}, {"job": "Косметолог", "salary": 109866, "id": 9132483, "city": "Кадакес", "year": 2016, "age": 44}, {"job": "IT-специалист", "salary": 108271, "id": 6995072, "city": "Хихон", "year": 2016, "age": 58}, {"job": "Строитель", "salary": 50336, "id": 3323051, "city": "Таллин", "year": 2019, "age": 37}, {"job": "Архитектор", "salary": 89550, "id": 1061870, "city": "Сория", "year": 1999, "age": 56}, {"job": "Оператор call-центра", "salary": 102032, "id": 1056743, "city": "Гранада", "year": 2000, "age": 54}, {"job": "Продавец", "salary": 27455, "id": 9656647, "city": "Овьедо", "year": 2012, "age": 25}, {"job": "Архитектор", "salary": 156408, "id": 9562206, "city": "Москва", "year": 2003, "age": 34}, {"job": "Повар", "salary": 164424, "id": 9005942, "city": "Бишкек", "year": 2002, "age": 20}, {"job": "Продавец", "salary": 181253, "id": 4880754, "city": "Куэнка", "year": 1999, "age": 29}, {"job": "Оператор call-центра", "salary": 75287, "id": 4435450, "city": "Хихон", "year": 2007, "age": 28}, {"job": "Психолог", "salary": 112735, "id": 4359158, "city": "Эльче", "year": 2006, "age": 50}, {"job": "Бухгалтер", "salary": 107877, "id": 1524741, "city": "Бильбао", "year": 2019, "age": 62}, {"job": "Бухгалтер", "salary": 108027, "id": 2183869, "city": "Монсон", "year": 2020, "age": 57}, {"job": "Водитель", "salary": 47135, "id": 8628232, "city": "Санкт-Петербург", "year": 1999, "age": 65}, {"job": "Продавец", "salary": 146518, "id": 7992748, "city": "Алма-Ата", "year": 2012, "age": 30}, {"job": "Бухгалтер", "salary": 74118, "id": 2254426, "city": "Вильнюс", "year": 2020, "age": 28}, {"job": "Повар", "salary": 156685, "id": 1113607, "city": "Бишкек", "year": 2012, "age": 29}, {"job": "Программист", "salary": 49945, "id": 1378403, "city": "Сантьяго-де-Компостела", "year": 2007, "age": 47}, {"job": "Учитель", "salary": 51809, "id": 2827034, "city": "Лас-Росас", "year": 2015, "age": 33}, {"job": "Программист", "salary": 132467, "id": 1413533, "city": "Скопье", "year": 1999, "age": 22}, {"job": "Программист", "salary": 20728, "id": 1400570, "city": "Санкт-Петербург", "year": 2015, "age": 60}, {"job": "IT-специалист", "salary": 27945, "id": 7123353, "city": "Ереван", "year": 2012, "age": 18}, {"job": "Учитель", "salary": 89593, "id": 7218556, "city": "Барселона", "year": 2005, "age": 55}, {"job": "Строитель", "salary": 46785, "id": 8188628, "city": "Луго", "year": 2006, "age": 49}, {"job": "Программист", "salary": 199036, "id": 9697181, "city": "Скопье", "year": 2001, "age": 59}, {"job": "Косметолог", "salary": 92702, "id": 5672945, "city": "Луго", "year": 2003, "age": 58}, {"job": "Архитектор", "salary": 41163, "id": 4305943, "city": "Монсон", "year": 2005, "age": 22}, {"job": "Программист", "salary": 99656, "id": 8635166, "city": "Мурсия", "year": 2020, "age": 64}, {"job": "Программист", "salary": 170752, "id": 3360991, "city": "Тбилиси", "year": 2002, "age": 55}, {"job": "Учитель", "salary": 137993, "id": 7898123, "city": "Кадакес", "year": 2005, "age": 44}, {"job": "Бухгалтер", "salary": 105305, "id": 1958110, "city": "Алькала-де-Энарес", "year": 2019, "age": 45}, {"job": "Бухгалтер", "salary": 79344, "id": 1290557, "city": "Трухильо", "year": 2022, "age": 50}, {"job": "Продавец", "salary": 23840, "id": 1850116, "city": "Эльче", "year": 2001, "age": 46}, {"job": "Косметолог", "salary": 79841, "id": 7817683, "city": "Бланес", "year": 2009, "age": 59}, {"job": "Менеджер", "salary": 186523, "id": 4436482, "city": "Артейхо", "year": 2016, "age": 36}, {"job": "IT-специалист", "salary": 26029, "id": 6267824, "city": "Афины", "year": 2009, "age": 19}, {"job": "Косметолог", "salary": 136995, "id": 1032751, "city": "София", "year": 2015, "age": 56}, {"job": "Инженер", "salary": 196269, "id": 8486658, "city": "Мерида", "year": 2014, "age": 18}, {"job": "Учитель", "salary": 79923, "id": 6773105, "city": "Самора", "year": 2022, "age": 42}, {"job": "Учитель", "salary": 93525, "id": 3189086, "city": "Мартоса", "year": 2000, "age": 33}, {"job": "Повар", "salary": 165691, "id": 6516968, "city": "Аликанте", "year": 2012, "age": 20}, {"job": "Оператор call-центра", "salary": 84730, "id": 6691821, "city": "Вроцлав", "year": 2022, "age": 46}, {"job": "Строитель", "salary": 188781, "id": 6193523, "city": "Бишкек", "year": 2020, "age": 64}, {"job": "Бухгалтер", "salary": 20327, "id": 8252055, "city": "Касерес", "year": 2006, "age": 32}, {"job": "Медсестра", "salary": 128801, "id": 3453360, "city": "Варшава", "year": 2001, "age": 63}, {"job": "Повар", "salary": 70552, "id": 8267944, "city": "Сьюдад-Реаль", "year": 2020, "age": 62}, {"job": "Бухгалтер", "salary": 27839, "id": 8911593, "city": "Монсон", "year": 2021, "age": 31}, {"job": "Архитектор", "salary": 49787, "id": 8089561, "city": "Ереван", "year": 2014, "age": 42}, {"job": "Психолог", "salary": 156958, "id": 2368302, "city": "Пласенсия", "year": 2021, "age": 59}, {"job": "Учитель", "salary": 94645, "id": 4457777, "city": "Лас-Росас", "year": 2012, "age": 24}, {"job": "Учитель", "salary": 47368, "id": 3384841, "city": "Аликанте", "year": 1999, "age": 38}, {"job": "Программист", "salary": 144418, "id": 4958706, "city": "Барселона", "year": 2005, "age": 31}, {"job": "Водитель", "salary": 23639, "id": 1190078, "city": "Краков", "year": 2001, "age": 50}, {"job": "Водитель", "salary": 164560, "id": 1951688, "city": "Артейхо", "year": 2017, "age": 28}, {"job": "Водитель", "salary": 105856, "id": 9726377, "city": "Хихон", "year": 2001, "age": 62}, {"job": "IT-специалист", "salary": 27542, "id": 9887752, "city": "Вальядолид", "year": 2015, "age": 21}, {"job": "Архитектор", "salary": 158485, "id": 2995903, "city": "Душанбе", "year": 2005, "age": 64}, {"job": "Оператор call-центра", "salary": 150561, "id": 2232138, "city": "Бильбао", "year": 2015, "age": 22}, {"job": "Менеджер", "salary": 199657, "id": 6088535, "city": "Сараево", "year": 2006, "age": 33}, {"job": "Архитектор", "salary": 116767, "id": 1882141, "city": "Санхенхо", "year": 2001, "age": 60}, {"job": "Врач", "salary": 50712, "id": 9331610, "city": "Бильбао", "year": 2013, "age": 55}, {"job": "Программист", "salary": 140035, "id": 5609492, "city": "Бланес", "year": 2008, "age": 20}, {"job": "Инженер", "salary": 33575, "id": 7229307, "city": "Мурсия", "year": 2014, "age": 39}, {"job": "Врач", "salary": 174979, "id": 2299242, "city": "Вальядолид", "year": 2012, "age": 53}, {"job": "Бухгалтер", "salary": 46684, "id": 8039545, "city": "Тбилиси", "year": 2017, "age": 35}, {"job": "Повар", "salary": 178994, "id": 9921559, "city": "Навалькарнеро", "year": 2009, "age": 57}, {"job": "Инженер", "salary": 168387, "id": 3768304, "city": "Рига", "year": 2012, "age": 31}, {"job": "Бухгалтер", "salary": 58754, "id": 8701463, "city": "Валенсия", "year": 2009, "age": 43}, {"job": "Водитель", "salary": 173775, "id": 3053769, "city": "Бланес", "year": 2003, "age": 27}, {"job": "Менеджер", "salary": 53228, "id": 6896218, "city": "Семана", "year": 2021, "age": 23}, {"job": "Архитектор", "salary": 122550, "id": 8269007, "city": "Гранада", "year": 2007, "age": 22}, {"job": "Архитектор", "salary": 98332, "id": 2027407, "city": "Загреб", "year": 2009, "age": 32}, {"job": "Инженер", "salary": 105083, "id": 4130089, "city": "Сеговия", "year": 2018, "age": 65}, {"job": "Психолог", "salary": 166657, "id": 4529257, "city": "Куэнка", "year": 1999, "age": 20}, {"job": "Продавец", "salary": 66454, "id": 8942292, "city": "Бишкек", "year": 2007, "age": 30}, {"job": "Архитектор", "salary": 167969, "id": 8964322, "city": "Астана", "year": 2020, "age": 45}, {"job": "Бухгалтер", "salary": 55029, "id": 2670900, "city": "Санкт-Петербург", "year": 2001, "age": 29}, {"job": "Менеджер", "salary": 85243, "id": 5057948, "city": "Таллин", "year": 2005, "age": 42}, {"job": "Врач", "salary": 43298, "id": 9035113, "city": "Самора", "year": 2009, "age": 37}, {"job": "Повар", "salary": 159231, "id": 2192412, "city": "Трухильо", "year": 2004, "age": 48}, {"job": "IT-специалист", "salary": 20184, "id": 8647282, "city": "Подгорица", "year": 2007, "age": 52}, {"job": "Архитектор", "salary": 54284, "id": 9833462, "city": "Краков", "year": 2022, "age": 44}, {"job": "Повар", "salary": 180536, "id": 7793765, "city": "Овьедо", "year": 2007, "age": 28}, {"job": "Психолог", "salary": 92334, "id": 5674042, "city": "Льейда", "year": 1999, "age": 39}, {"job": "Менеджер", "salary": 65782, "id": 4318134, "city": "Луго", "year": 2003, "age": 56}, {"job": "Повар", "salary": 152850, "id": 6352215, "city": "Мурсия", "year": 2014, "age": 37}, {"job": "Косметолог", "salary": 177079, "id": 3755633, "city": "Мурсия", "year": 1999, "age": 23}, {"job": "Архитектор", "salary": 100461, "id": 7436454, "city": "Афины", "year": 2018, "age": 18}, {"job": "Повар", "salary": 112340, "id": 1789301, "city": "Льейда", "year": 2022, "age": 30}, {"job": "Медсестра", "salary": 88041, "id": 1176993, "city": "Самора", "year": 2008, "age": 65}, {"job": "Инженер", "salary": 48088, "id": 6186379, "city": "Алькала-де-Энарес", "year": 2009, "age": 29}, {"job": "Продавец", "salary": 133822, "id": 2989069, "city": "Малага", "year": 2015, "age": 64}, {"job": "Бухгалтер", "salary": 124711, "id": 9514539, "city": "Кордова", "year": 2003, "age": 40}, {"job": "Повар", "salary": 28284, "id": 9675226, "city": "София", "year": 2006, "age": 48}, {"job": "Психолог", "salary": 163850, "id": 7703522, "city": "Монсон", "year": 2020, "age": 52}, {"job": "Косметолог", "salary": 155667, "id": 3174971, "city": "Краков", "year": 2019, "age": 52}, {"job": "Архитектор", "salary": 107151, "id": 7175406, "city": "Валенсия", "year": 2010, "age": 54}, {"job": "Оператор call-центра", "salary": 76365, "id": 4404885, "city": "Ла-Корунья", "year": 2017, "age": 36}, {"job": "Врач", "salary": 92383, "id": 4947226, "city": "Будапешт", "year": 2008, "age": 20}, {"job": "IT-специалист", "salary": 163600, "id": 4265962, "city": "Льейда", "year": 1999, "age": 21}, {"job": "Инженер", "salary": 135066, "id": 6203711, "city": "Самора", "year": 2018, "age": 21}, {"job": "Менеджер", "salary": 185271, "id": 1166767, "city": "Сьюдад-Реаль", "year": 2021, "age": 29}, {"job": "Архитектор", "salary": 191687, "id": 5585733, "city": "Бишкек", "year": 2002, "age": 24}, {"job": "Врач", "salary": 192687, "id": 9059935, "city": "Луго", "year": 2020, "age": 20}, {"job": "Оператор call-центра", "salary": 56364, "id": 6645125, "city": "Эльче", "year": 2015, "age": 26}, {"job": "Менеджер", "salary": 35994, "id": 1762781, "city": "Эль-Пуэрто-де-Санта-Мария", "year": 2001, "age": 45}, {"job": "Программист", "salary": 168207, "id": 8830346, "city": "Таллин", "year": 2007, "age": 63}, {"job": "Водитель", "salary": 140732, "id": 7389077, "city": "Астана", "year": 2010, "age": 26}, {"job": "Психолог", "salary": 168434, "id": 1163306, "city": "Мурсия", "year": 2017, "age": 47}, {"job": "Водитель", "salary": 38963, "id": 2311841, "city": "Барселона", "year": 2012, "age": 45}, {"job": "Повар", "salary": 175896, "id": 7913483, "city": "Любляна", "year": 2011, "age": 20}, {"job": "Продавец", "salary": 131888, "id": 7206766, "city": "Тбилиси", "year": 2015, "age": 21}, {"job": "Инженер", "salary": 186567, "id": 5643333, "city": "Душанбе", "year": 2014, "age": 36}, {"job": "Менеджер", "salary": 22005, "id": 4709821, "city": "Малага", "year": 2007, "age": 53}, {"job": "Программист", "salary": 92629, "id": 8947031, "city": "Москва", "year": 2022, "age": 58}, {"job": "Продавец", "salary": 184119, "id": 8360011, "city": "Хельсинки", "year": 2006, "age": 57}, {"job": "Косметолог", "salary": 192541, "id": 2716953, "city": "Пласенсия", "year": 2011, "age": 23}, {"job": "Врач", "salary": 53529, "id": 2362233, "city": "Осера", "year": 2002, "age": 24}, {"job": "IT-специалист", "salary": 49125, "id": 5593013, "city": "Льейда", "year": 2019, "age": 25}, {"job": "Архитектор", "salary": 88185, "id": 8566944, "city": "Семана", "year": 1999, "age": 24}, {"job": "Водитель", "salary": 70082, "id": 9380550, "city": "Осера", "year": 2000, "age": 64}, {"job": "Архитектор", "salary": 83646, "id": 6812996, "city": "Кордова", "year": 2003, "age": 25}, {"job": "IT-специалист", "salary": 54920, "id": 7680299, "city": "Барселона", "year": 2012, "age": 20}, {"job": "Врач", "salary": 155290, "id": 4640082, "city": "Фигерас", "year": 2014, "age": 52}, {"job": "Строитель", "salary": 91274, "id": 6496478, "city": "Монсон", "year": 1999, "age": 40}, {"job": "Оператор call-центра", "salary": 106993, "id": 9652123, "city": "Москва", "year": 2018, "age": 41}, {"job": "Архитектор", "salary": 45889, "id": 5655550, "city": "Бургос", "year": 2019, "age": 52}, {"job": "Водитель", "salary": 60451, "id": 4231775, "city": "Москва", "year": 2021, "age": 36}, {"job": "Учитель", "salary": 177159, "id": 5977682, "city": "Семана", "year": 2018, "age": 64}, {"job": "Менеджер", "salary": 153641, "id": 8227096, "city": "Рига", "year": 2005, "age": 65}, {"job": "Учитель", "salary": 105775, "id": 7928564, "city": "Мерида", "year": 2019, "age": 27}, {"job": "Водитель", "salary": 43667, "id": 5637080, "city": "Вильнюс", "year": 2020, "age": 55}, {"job": "Строитель", "salary": 178966, "id": 4563934, "city": "Баку", "year": 2010, "age": 62}, {"job": "Строитель", "salary": 31199, "id": 1292005, "city": "Монсон", "year": 2021, "age": 60}, {"job": "Бухгалтер", "salary": 180727, "id": 7979100, "city": "Алма-Ата", "year": 2022, "age": 28}, {"job": "Повар", "salary": 21532, "id": 6495835, "city": "Загреб", "year": 2001, "age": 18}, {"job": "Оператор call-центра", "salary": 109716, "id": 5409812, "city": "Хельсинки", "year": 2014, "age": 27}, {"job": "Повар", "salary": 196970, "id": 5734948, "city": "Осера", "year": 2005, "age": 62}, {"job": "Архитектор", "salary": 180167, "id": 9277742, "city": "Кадакес", "year": 2009, "age": 48}, {"job": "Инженер", "salary": 88274, "id": 1057998, "city": "Прага", "year": 2021, "age": 33}, {"job": "Оператор call-центра", "salary": 53281, "id": 7408260, "city": "Рига", "year": 2000, "age": 20}, {"job": "Бухгалтер", "salary": 199557, "id": 9883293, "city": "Пласенсия", "year": 2017, "age": 42}, {"job": "Строитель", "salary": 168151, "id": 3532753, "city": "Хихон", "year": 2001, "age": 58}, {"job": "Бухгалтер", "salary": 112379, "id": 5633283, "city": "Ташкент", "year": 2017, "age": 40}, {"job": "Бухгалтер", "salary": 47069, "id": 8753857, "city": "Навалькарнеро", "year": 2001, "age": 58}, {"job": "Продавец", "salary": 122846, "id": 1090369, "city": "Льейда", "year": 2010, "age": 28}, {"job": "Врач", "salary": 21066, "id": 7394818, "city": "Мартоса", "year": 2022, "age": 24}, {"job": "Инженер", "salary": 32097, "id": 3315704, "city": "Тирана", "year": 2022, "age": 57}, {"job": "Учитель", "salary": 168702, "id": 5659834, "city": "Хихон", "year": 2002, "age": 56}, {"job": "Программист", "salary": 128186, "id": 9362210, "city": "Камбадос", "year": 1999, "age": 64}, {"job": "IT-специалист", "salary": 130145, "id": 4926411, "city": "Вильявисиоса", "year": 2000, "age": 42}, {"job": "Строитель", "salary": 76832, "id": 1413197, "city": "Тбилиси", "year": 2017, "age": 56}, {"job": "Продавец", "salary": 128765, "id": 2170207, "city": "Виго", "year": 2006, "age": 38}, {"job": "Программист", "salary": 131608, "id": 7823268, "city": "Тарраса", "year": 2009, "age": 25}, {"job": "Косметолог", "salary": 46691, "id": 4263495, "city": "Любляна", "year": 2011, "age": 27}, {"job": "IT-специалист", "salary": 85901, "id": 3675166, "city": "Любляна", "year": 2022, "age": 48}, {"job": "Бухгалтер", "salary": 37417, "id": 1189698, "city": "Мартоса", "year": 2018, "age": 64}, {"job": "Повар", "salary": 74903, "id": 5127832, "city": "Луарка", "year": 2009, "age": 52}, {"job": "Оператор call-центра", "salary": 119511, "id": 9052785, "city": "Виго", "year": 2013, "age": 24}, {"job": "Водитель", "salary": 96529, "id": 3557790, "city": "Москва", "year": 1999, "age": 21}, {"job": "Строитель", "salary": 90096, "id": 4138590, "city": "Таллин", "year": 2004, "age": 62}, {"job": "Медсестра", "salary": 73858, "id": 6837502, "city": "Душанбе", "year": 2020, "age": 27}, {"job": "IT-специалист", "salary": 38119, "id": 6325658, "city": "Мерида", "year": 2017, "age": 39}, {"job": "Учитель", "salary": 174420, "id": 2920010, "city": "Вальядолид", "year": 2001, "age": 31}, {"job": "Психолог", "salary": 173422, "id": 1991856, "city": "Скопье", "year": 2000, "age": 28}, {"job": "Архитектор", "salary": 160788, "id": 6358543, "city": "Луго", "year": 2002, "age": 27}, {"job": "Инженер", "salary": 159334, "id": 2603805, "city": "Москва", "year": 2019, "age": 48}, {"job": "Инженер", "salary": 192933, "id": 6147466, "city": "Краков", "year": 1999, "age": 47}, {"job": "Строитель", "salary": 75459, "id": 7070231, "city": "Мартоса", "year": 2002, "age": 62}, {"job": "Медсестра", "salary": 172037, "id": 6875521, "city": "София", "year": 2018, "age": 54}, {"job": "Оператор call-центра", "salary": 199509, "id": 2044979, "city": "Загреб", "year": 2014, "age": 34}, {"job": "IT-специалист", "salary": 160287, "id": 5407564, "city": "Мадрид", "year": 2020, "age": 22}, {"job": "Врач", "salary": 61561, "id": 5890884, "city": "Малага", "year": 2000, "age": 40}, {"job": "Врач", "salary": 147358, "id": 1641491, "city": "Алма-Ата", "year": 2012, "age": 23}, {"job": "Врач", "salary": 159464, "id": 1937407, "city": "Алма-Ата", "year": 2016, "age": 22}, {"job": "Психолог", "salary": 90339, "id": 2886329, "city": "Тирана", "year": 2013, "age": 48}, {"job": "Менеджер", "salary": 75976, "id": 9996215, "city": "Малага", "year": 2003, "age": 19}, {"job": "IT-специалист", "salary": 125275, "id": 2256318, "city": "Малага", "year": 2012, "age": 34}, {"job": "IT-специалист", "salary": 67113, "id": 9702531, "city": "Льейда", "year": 2001, "age": 36}, {"job": "IT-специалист", "salary": 158864, "id": 7577007, "city": "Тбилиси", "year": 2010, "age": 61}, {"job": "Медсестра", "salary": 63472, "id": 9520935, "city": "Душанбе", "year": 2021, "age": 60}, {"job": "Учитель", "salary": 124691, "id": 3302755, "city": "Севилья", "year": 2001, "age": 36}, {"job": "Строитель", "salary": 29090, "id": 6038277, "city": "Виго", "year": 2018, "age": 36}, {"job": "Архитектор", "salary": 114539, "id": 2185892, "city": "Семана", "year": 2014, "age": 47}, {"job": "Врач", "salary": 110940, "id": 2414042, "city": "Картахена", "year": 2009, "age": 50}]